car_number,TripCount,FuelConsumed,Speed,EngineRPM,AngularVelocity,BrakePedalPressure,SteeringAngle_A,OverallDrivingScore,Avg_FuelConsumed,Min_FuelConsumed,Max_FuelConsumed,Avg_Speed,Min_Speed,Max_Speed,Avg_EngineRPM,Min_EngineRPM,Max_EngineRPM,Avg_AngularVelocity,Min_AngularVelocity,Max_AngularVelocity,Avg_BrakePedalPressure,Min_BrakePedalPressure,Max_BrakePedalPressure,Avg_SteeringAngle_A,Min_SteeringAngle_A,Max_SteeringAngle_A,Avg_OverallDrivingScore,Min_OverallDrivingScore,Max_OverallDrivingScore
DL03EF9101,1,8.745401188,110.8265886,965.3815077,99.77288973,16.89350631,-34.47917634,20.78862551,9.945645616,5.205844943,14.69909852,71.12782212,29.02897701,118.5650454,2444.741789,881.1223789,3922.726654,-12.39819919,-175.9126879,166.3821175,36.54019548,3.931213984,87.35786241,-1.331822695,-41.98208087,39.58489113,43.70223197,2.653220387,89.26717111
DL03EF9101,2,14.50714306,43.95618907,2500.334821,21.0255299,27.8590339,39.58489113,2.653220387,9.945645616,5.205844943,14.69909852,71.12782212,29.02897701,118.5650454,2444.741789,881.1223789,3922.726654,-12.39819919,-175.9126879,166.3821175,36.54019548,3.931213984,87.35786241,-1.331822695,-41.98208087,39.58489113,43.70223197,2.653220387,89.26717111
DL03EF9101,3,12.31993942,34.48948721,2530.032389,-27.28007667,17.70104843,11.49372478,18.14354351,9.945645616,5.205844943,14.69909852,71.12782212,29.02897701,118.5650454,2444.741789,881.1223789,3922.726654,-12.39819919,-175.9126879,166.3821175,36.54019548,3.931213984,87.35786241,-1.331822695,-41.98208087,39.58489113,43.70223197,2.653220387,89.26717111
DL03EF9101,4,10.98658484,68.94527603,2839.775685,146.2875786,8.870253376,-14.85849468,58.3041561,9.945645616,5.205844943,14.69909852,71.12782212,29.02897701,118.5650454,2444.741789,881.1223789,3922.726654,-12.39819919,-175.9126879,166.3821175,36.54019548,3.931213984,87.35786241,-1.331822695,-41.98208087,39.58489113,43.70223197,2.653220387,89.26717111
DL03EF9101,5,6.560186404,118.5650454,3123.492268,-139.9689064,12.06358711,-32.46551346,42.14245506,9.945645616,5.205844943,14.69909852,71.12782212,29.02897701,118.5650454,2444.741789,881.1223789,3922.726654,-12.39819919,-175.9126879,166.3821175,36.54019548,3.931213984,87.35786241,-1.331822695,-41.98208087,39.58489113,43.70223197,2.653220387,89.26717111
DL03EF9101,6,6.559945203,44.20552715,3922.726654,-2.654962455,46.0778768,26.46226703,89.26717111,9.945645616,5.205844943,14.69909852,71.12782212,29.02897701,118.5650454,2444.741789,881.1223789,3922.726654,-12.39819919,-175.9126879,166.3821175,36.54019548,3.931213984,87.35786241,-1.331822695,-41.98208087,39.58489113,43.70223197,2.653220387,89.26717111
DL03EF9101,7,5.580836122,87.21355474,2452.161115,-175.9126879,20.63337184,10.80654803,81.74435617,9.945645616,5.205844943,14.69909852,71.12782212,29.02897701,118.5650454,2444.741789,881.1223789,3922.726654,-12.39819919,-175.9126879,166.3821175,36.54019548,3.931213984,87.35786241,-1.331822695,-41.98208087,39.58489113,43.70223197,2.653220387,89.26717111
DL03EF9101,8,13.66176146,96.16196153,1833.460713,-11.28216888,36.4269861,3.011498278,34.18173517,9.945645616,5.205844943,14.69909852,71.12782212,29.02897701,118.5650454,2444.741789,881.1223789,3922.726654,-12.39819919,-175.9126879,166.3821175,36.54019548,3.931213984,87.35786241,-1.331822695,-41.98208087,39.58489113,43.70223197,2.653220387,89.26717111
DL03EF9101,9,11.01115012,43.7637544,3344.595823,-159.7308208,50.34172709,35.45033247,25.94234334,9.945645616,5.205844943,14.69909852,71.12782212,29.02897701,118.5650454,2444.741789,881.1223789,3922.726654,-12.39819919,-175.9126879,166.3821175,36.54019548,3.931213984,87.35786241,-1.331822695,-41.98208087,39.58489113,43.70223197,2.653220387,89.26717111
DL03EF9101,10,12.08072578,92.82163486,1666.663204,-137.2255501,69.03948286,25.97374901,37.96924082,9.945645616,5.205844943,14.69909852,71.12782212,29.02897701,118.5650454,2444.741789,881.1223789,3922.726654,-12.39819919,-175.9126879,166.3821175,36.54019548,3.931213984,87.35786241,-1.331822695,-41.98208087,39.58489113,43.70223197,2.653220387,89.26717111
DL03EF9101,11,5.205844943,56.77831327,2204.708546,-137.6905512,3.931213984,-31.34926082,59.02949425,9.945645616,5.205844943,14.69909852,71.12782212,29.02897701,118.5650454,2444.741789,881.1223789,3922.726654,-12.39819919,-175.9126879,166.3821175,36.54019548,3.931213984,87.35786241,-1.331822695,-41.98208087,39.58489113,43.70223197,2.653220387,89.26717111
DL03EF9101,12,14.69909852,83.23058306,1051.06042,53.71570876,79.94103989,-16.9450139,26.80636408,9.945645616,5.205844943,14.69909852,71.12782212,29.02897701,118.5650454,2444.741789,881.1223789,3922.726654,-12.39819919,-175.9126879,166.3821175,36.54019548,3.931213984,87.35786241,-1.331822695,-41.98208087,39.58489113,43.70223197,2.653220387,89.26717111
DL03EF9101,13,13.32442641,83.35297108,881.1223789,88.57615654,62.79003895,-22.63597742,62.41489078,9.945645616,5.205844943,14.69909852,71.12782212,29.02897701,118.5650454,2444.741789,881.1223789,3922.726654,-12.39819919,-175.9126879,166.3821175,36.54019548,3.931213984,87.35786241,-1.331822695,-41.98208087,39.58489113,43.70223197,2.653220387,89.26717111
DL03EF9101,14,7.123391107,73.57746841,3880.474927,30.01275543,8.175903195,21.95516633,40.94116522,9.945645616,5.205844943,14.69909852,71.12782212,29.02897701,118.5650454,2444.741789,881.1223789,3922.726654,-12.39819919,-175.9126879,166.3821175,36.54019548,3.931213984,87.35786241,-1.331822695,-41.98208087,39.58489113,43.70223197,2.653220387,89.26717111
DL03EF9101,15,6.818249672,29.02897701,3475.136386,166.3821175,87.35786241,-41.98208087,55.20471809,9.945645616,5.205844943,14.69909852,71.12782212,29.02897701,118.5650454,2444.741789,881.1223789,3922.726654,-12.39819919,-175.9126879,166.3821175,36.54019548,3.931213984,87.35786241,-1.331822695,-41.98208087,39.58489113,43.70223197,2.653220387,89.26717111
GJ07MN2345,1,6.834045099,103.5302496,3027.117459,-45.04659137,92.08724005,6.290071638,43.61265291,8.826299826,5.464504127,12.85175961,62.52315611,21.65878289,113.6729989,2381.871642,1300.598537,3855.568898,18.5532872,-175.6243891,177.4673266,43.65632415,3.668320289,92.08724005,3.685283811,-35.04314367,33.90890731,51.88287676,2.246930832,94.8453307
GJ07MN2345,2,8.04242243,52.0780065,2108.649422,-77.14364894,6.107795985,23.62128172,29.44657595,8.826299826,5.464504127,12.85175961,62.52315611,21.65878289,113.6729989,2381.871642,1300.598537,3855.568898,18.5532872,-175.6243891,177.4673266,43.65632415,3.668320289,92.08724005,3.685283811,-35.04314367,33.90890731,51.88287676,2.246930832,94.8453307
GJ07MN2345,3,10.24756432,38.65185104,1354.541824,132.6956861,27.68776481,33.90890731,94.8453307,8.826299826,5.464504127,12.85175961,62.52315611,21.65878289,113.6729989,2381.871642,1300.598537,3855.568898,18.5532872,-175.6243891,177.4673266,43.65632415,3.668320289,92.08724005,3.685283811,-35.04314367,33.90890731,51.88287676,2.246930832,94.8453307
GJ07MN2345,4,9.319450186,24.07751416,1300.598537,-99.50549813,80.62012798,-14.21264262,76.36057942,8.826299826,5.464504127,12.85175961,62.52315611,21.65878289,113.6729989,2381.871642,1300.598537,3855.568898,18.5532872,-175.6243891,177.4673266,43.65632415,3.668320289,92.08724005,3.685283811,-35.04314367,33.90890731,51.88287676,2.246930832,94.8453307
GJ07MN2345,5,7.912291402,79.08929432,1600.777274,166.7601142,74.82596904,28.91315742,14.01131758,8.826299826,5.464504127,12.85175961,62.52315611,21.65878289,113.6729989,2381.871642,1300.598537,3855.568898,18.5532872,-175.6243891,177.4673266,43.65632415,3.668320289,92.08724005,3.685283811,-35.04314367,33.90890731,51.88287676,2.246930832,94.8453307
GJ07MN2345,6,11.11852895,87.75643618,2557.525327,-175.6243891,18.45210194,-35.04314367,86.84679759,8.826299826,5.464504127,12.85175961,62.52315611,21.65878289,113.6729989,2381.871642,1300.598537,3855.568898,18.5532872,-175.6243891,177.4673266,43.65632415,3.668320289,92.08724005,3.685283811,-35.04314367,33.90890731,51.88287676,2.246930832,94.8453307
GJ07MN2345,7,6.394938607,21.65878289,3086.706953,169.1563776,20.93493233,31.18070626,48.74311982,8.826299826,5.464504127,12.85175961,62.52315611,21.65878289,113.6729989,2381.871642,1300.598537,3855.568898,18.5532872,-175.6243891,177.4673266,43.65632415,3.668320289,92.08724005,3.685283811,-35.04314367,33.90890731,51.88287676,2.246930832,94.8453307
GJ07MN2345,8,7.921446485,71.20930583,2912.631605,-164.4624317,37.04721028,-33.52602039,89.45522269,8.826299826,5.464504127,12.85175961,62.52315611,21.65878289,113.6729989,2381.871642,1300.598537,3855.568898,18.5532872,-175.6243891,177.4673266,43.65632415,3.668320289,92.08724005,3.685283811,-35.04314367,33.90890731,51.88287676,2.246930832,94.8453307
GJ07MN2345,9,8.663618433,42.64957752,1695.78847,140.8115209,48.45229852,-9.24414385,79.98552559,8.826299826,5.464504127,12.85175961,62.52315611,21.65878289,113.6729989,2381.871642,1300.598537,3855.568898,18.5532872,-175.6243891,177.4673266,43.65632415,3.668320289,92.08724005,3.685283811,-35.04314367,33.90890731,51.88287676,2.246930832,94.8453307
GJ07MN2345,10,9.560699842,84.51727904,3855.568898,9.972399271,61.82547715,26.75658292,42.52135045,8.826299826,5.464504127,12.85175961,62.52315611,21.65878289,113.6729989,2381.871642,1300.598537,3855.568898,18.5532872,-175.6243891,177.4673266,43.65632415,3.668320289,92.08724005,3.685283811,-35.04314367,33.90890731,51.88287676,2.246930832,94.8453307
GJ07MN2345,11,12.85175961,37.4366429,3161.270133,177.4673266,36.89136396,-31.50743154,2.246930832,8.826299826,5.464504127,12.85175961,62.52315611,21.65878289,113.6729989,2381.871642,1300.598537,3855.568898,18.5532872,-175.6243891,177.4673266,43.65632415,3.668320289,92.08724005,3.685283811,-35.04314367,33.90890731,51.88287676,2.246930832,94.8453307
GJ07MN2345,12,6.996737822,89.09377381,2573.932968,-153.4332367,46.25347161,-24.36737443,26.86773594,8.826299826,5.464504127,12.85175961,62.52315611,21.65878289,113.6729989,2381.871642,1300.598537,3855.568898,18.5532872,-175.6243891,177.4673266,43.65632415,3.668320289,92.08724005,3.685283811,-35.04314367,33.90890731,51.88287676,2.246930832,94.8453307
GJ07MN2345,13,10.14234438,58.67353463,2757.506388,19.38754238,74.74709381,20.00273116,54.16342147,8.826299826,5.464504127,12.85175961,62.52315611,21.65878289,113.6729989,2381.871642,1300.598537,3855.568898,18.5532872,-175.6243891,177.4673266,43.65632415,3.668320289,92.08724005,3.685283811,-35.04314367,33.90890731,51.88287676,2.246930832,94.8453307
GJ07MN2345,14,10.92414569,113.6729989,2142.7202,168.9489128,3.668320289,19.80328829,63.34782198,8.826299826,5.464504127,12.85175961,62.52315611,21.65878289,113.6729989,2381.871642,1300.598537,3855.568898,18.5532872,-175.6243891,177.4673266,43.65632415,3.668320289,92.08724005,3.685283811,-35.04314367,33.90890731,51.88287676,2.246930832,94.8453307
GJ07MN2345,15,5.464504127,33.75209441,1592.739166,8.315223901,25.24369443,12.70328696,25.78876854,8.826299826,5.464504127,12.85175961,62.52315611,21.65878289,113.6729989,2381.871642,1300.598537,3855.568898,18.5532872,-175.6243891,177.4673266,43.65632415,3.668320289,92.08724005,3.685283811,-35.04314367,33.90890731,51.88287676,2.246930832,94.8453307
HR10ST2345,1,11.07544852,54.10663511,1939.112572,46.58350973,71.33495859,17.45536,13.93560741,9.60827396,5.343885211,14.65632033,74.5419482,29.31027678,112.4693618,1958.994922,846.0591636,3537.473869,13.55504953,-163.6393031,162.1481343,37.52936498,2.007119778,89.52068377,-1.843302561,-43.37008346,40.25550057,47.14092677,1.839067655,98.44021807
HR10ST2345,2,6.705241237,31.34735212,3225.107553,70.46952803,89.52068377,3.845199901,83.49302368,9.60827396,5.343885211,14.65632033,74.5419482,29.31027678,112.4693618,1958.994922,846.0591636,3537.473869,13.55504953,-163.6393031,162.1481343,37.52936498,2.007119778,89.52068377,-1.843302561,-43.37008346,40.25550057,47.14092677,1.839067655,98.44021807
HR10ST2345,3,5.65051593,112.4693618,846.0591636,-16.36521668,51.16774421,-22.3380847,98.44021807,9.60827396,5.343885211,14.65632033,74.5419482,29.31027678,112.4693618,1958.994922,846.0591636,3537.473869,13.55504953,-163.6393031,162.1481343,37.52936498,2.007119778,89.52068377,-1.843302561,-43.37008346,40.25550057,47.14092677,1.839067655,98.44021807
HR10ST2345,4,14.48885537,107.7339353,1171.43245,45.92090883,53.21134853,-13.88736058,52.56901823,9.60827396,5.343885211,14.65632033,74.5419482,29.31027678,112.4693618,1958.994922,846.0591636,3537.473869,13.55504953,-163.6393031,162.1481343,37.52936498,2.007119778,89.52068377,-1.843302561,-43.37008346,40.25550057,47.14092677,1.839067655,98.44021807
HR10ST2345,5,14.65632033,45.79416277,947.2084545,30.35315229,10.71720113,-28.65620549,17.16792858,9.60827396,5.343885211,14.65632033,74.5419482,29.31027678,112.4693618,1958.994922,846.0591636,3537.473869,13.55504953,-163.6393031,162.1481343,37.52936498,2.007119778,89.52068377,-1.843302561,-43.37008346,40.25550057,47.14092677,1.839067655,98.44021807
HR10ST2345,6,13.08397348,85.9984046,930.3321674,144.4168838,44.74123668,36.76055052,27.23073265,9.60827396,5.343885211,14.65632033,74.5419482,29.31027678,112.4693618,1958.994922,846.0591636,3537.473869,13.55504953,-163.6393031,162.1481343,37.52936498,2.007119778,89.52068377,-1.843302561,-43.37008346,40.25550057,47.14092677,1.839067655,98.44021807
HR10ST2345,7,8.046137692,101.72222,3537.473869,-163.6393031,53.26172665,7.505261529,1.839067655,9.60827396,5.343885211,14.65632033,74.5419482,29.31027678,112.4693618,1958.994922,846.0591636,3537.473869,13.55504953,-163.6393031,162.1481343,37.52936498,2.007119778,89.52068377,-1.843302561,-43.37008346,40.25550057,47.14092677,1.839067655,98.44021807
HR10ST2345,8,5.97672114,75.52008116,3051.70515,-78.85325175,24.24705036,-8.923372491,91.42988066,9.60827396,5.343885211,14.65632033,74.5419482,29.31027678,112.4693618,1958.994922,846.0591636,3537.473869,13.55504953,-163.6393031,162.1481343,37.52936498,2.007119778,89.52068377,-1.843302561,-43.37008346,40.25550057,47.14092677,1.839067655,98.44021807
HR10ST2345,9,11.84233027,72.96505784,2317.356253,162.1481343,26.92432309,-3.419477672,11.77510829,9.60827396,5.343885211,14.65632033,74.5419482,29.31027678,112.4693618,1958.994922,846.0591636,3537.473869,13.55504953,-163.6393031,162.1481343,37.52936498,2.007119778,89.52068377,-1.843302561,-43.37008346,40.25550057,47.14092677,1.839067655,98.44021807
HR10ST2345,10,9.401524937,44.18522909,1113.069314,140.4949622,37.72841631,40.25550057,57.65164755,9.60827396,5.343885211,14.65632033,74.5419482,29.31027678,112.4693618,1958.994922,846.0591636,3537.473869,13.55504953,-163.6393031,162.1481343,37.52936498,2.007119778,89.52068377,-1.843302561,-43.37008346,40.25550057,47.14092677,1.839067655,98.44021807
HR10ST2345,11,6.220382348,29.31027678,2373.1708,-15.963569,2.007119778,-31.19837372,27.40552207,9.60827396,5.343885211,14.65632033,74.5419482,29.31027678,112.4693618,1958.994922,846.0591636,3537.473869,13.55504953,-163.6393031,162.1481343,37.52936498,2.007119778,89.52068377,-1.843302561,-43.37008346,40.25550057,47.14092677,1.839067655,98.44021807
HR10ST2345,12,9.951769101,109.7215758,2315.109666,43.24773521,32.20791656,7.760684882,55.41780025,9.60827396,5.343885211,14.65632033,74.5419482,29.31027678,112.4693618,1958.994922,846.0591636,3537.473869,13.55504953,-163.6393031,162.1481343,37.52936498,2.007119778,89.52068377,-1.843302561,-43.37008346,40.25550057,47.14092677,1.839067655,98.44021807
HR10ST2345,13,5.343885211,110.0418057,1354.245984,-80.14277413,21.1448007,0.5299811,65.14203884,9.60827396,5.343885211,14.65632033,74.5419482,29.31027678,112.4693618,1958.994922,846.0591636,3537.473869,13.55504953,-163.6393031,162.1481343,37.52936498,2.007119778,89.52068377,-1.843302561,-43.37008346,40.25550057,47.14092677,1.839067655,98.44021807
HR10ST2345,14,14.09320402,83.31014573,2188.325278,-112.2763825,32.74973522,10.03088119,82.97418037,9.60827396,5.343885211,14.65632033,74.5419482,29.31027678,112.4693618,1958.994922,846.0591636,3537.473869,13.55504953,-163.6393031,162.1481343,37.52936498,2.007119778,89.52068377,-1.843302561,-43.37008346,40.25550057,47.14092677,1.839067655,98.44021807
HR10ST2345,15,7.587799816,53.9029791,2075.21515,-13.06857422,11.97621318,-43.37008346,20.64212718,9.60827396,5.343885211,14.65632033,74.5419482,29.31027678,112.4693618,1958.994922,846.0591636,3537.473869,13.55504953,-163.6393031,162.1481343,37.52936498,2.007119778,89.52068377,-1.843302561,-43.37008346,40.25550057,47.14092677,1.839067655,98.44021807
KA01AB1234,1,11.62522284,54.92095746,2770.720314,-52.79319791,89.05272807,33.4911518,1.099582866,10.31981137,5.452272889,14.69584628,66.48040704,20.50615838,109.8554189,2361.376807,884.8361937,3808.736773,50.14226895,-152.0155307,175.035868,52.19957674,8.692028809,89.05272807,12.69536709,-34.80857587,39.09303133,47.64433167,1.099582866,91.44119459
KA01AB1234,2,8.117110761,92.59556789,2832.299683,30.11620027,59.35924536,38.89064542,13.68856301,10.31981137,5.452272889,14.69584628,66.48040704,20.50615838,109.8554189,2361.376807,884.8361937,3808.736773,50.14226895,-152.0155307,175.035868,52.19957674,8.692028809,89.05272807,12.69536709,-34.80857587,39.09303133,47.64433167,1.099582866,91.44119459
KA01AB1234,3,10.20068021,109.711026,944.9728313,-152.0155307,67.91023191,5.861986523,90.00186418,10.31981137,5.452272889,14.69584628,66.48040704,20.50615838,109.8554189,2361.376807,884.8361937,3808.736773,50.14226895,-152.0155307,175.035868,52.19957674,8.692028809,89.05272807,12.69536709,-34.80857587,39.09303133,47.64433167,1.099582866,91.44119459
KA01AB1234,4,10.46710279,108.7086424,1998.760367,170.7821308,78.91712386,17.69857415,87.38900776,10.31981137,5.452272889,14.69584628,66.48040704,20.50615838,109.8554189,2361.376807,884.8361937,3808.736773,50.14226895,-152.0155307,175.035868,52.19957674,8.692028809,89.05272807,12.69536709,-34.80857587,39.09303133,47.64433167,1.099582866,91.44119459
KA01AB1234,5,6.848544555,97.98755459,2802.75173,175.035868,49.84421989,38.02494431,59.74131022,10.31981137,5.452272889,14.69584628,66.48040704,20.50615838,109.8554189,2361.376807,884.8361937,3808.736773,50.14226895,-152.0155307,175.035868,52.19957674,8.692028809,89.05272807,12.69536709,-34.80857587,39.09303133,47.64433167,1.099582866,91.44119459
KA01AB1234,6,14.69584628,84.20316462,2410.036027,71.33821705,8.692028809,18.65147709,60.05168604,10.31981137,5.452272889,14.69584628,66.48040704,20.50615838,109.8554189,2361.376807,884.8361937,3808.736773,50.14226895,-152.0155307,175.035868,52.19957674,8.692028809,89.05272807,12.69536709,-34.80857587,39.09303133,47.64433167,1.099582866,91.44119459
KA01AB1234,7,12.75132823,28.4139965,3540.767492,12.99469188,53.71065418,-31.27148614,66.50366745,10.31981137,5.452272889,14.69584628,66.48040704,20.50615838,109.8554189,2361.376807,884.8361937,3808.736773,50.14226895,-152.0155307,175.035868,52.19957674,8.692028809,89.05272807,12.69536709,-34.80857587,39.09303133,47.64433167,1.099582866,91.44119459
KA01AB1234,8,14.39498942,36.16287141,2907.819621,-68.57005814,58.6841118,6.865952415,17.53712786,10.31981137,5.452272889,14.69584628,66.48040704,20.50615838,109.8554189,2361.376807,884.8361937,3808.736773,50.14226895,-152.0155307,175.035868,52.19957674,8.692028809,89.05272807,12.69536709,-34.80857587,39.09303133,47.64433167,1.099582866,91.44119459
KA01AB1234,9,13.9482735,109.8554189,1321.390167,112.9662071,74.54394742,9.604354174,91.44119459,10.31981137,5.452272889,14.69584628,66.48040704,20.50615838,109.8554189,2361.376807,884.8361937,3808.736773,50.14226895,-152.0155307,175.035868,52.19957674,8.692028809,89.05272807,12.69536709,-34.80857587,39.09303133,47.64433167,1.099582866,91.44119459
KA01AB1234,10,10.97899979,80.64290597,1025.819992,66.50322212,43.16595462,-6.828239583,41.87705249,10.31981137,5.452272889,14.69584628,66.48040704,20.50615838,109.8554189,2361.376807,884.8361937,3808.736773,50.14226895,-152.0155307,175.035868,52.19957674,8.692028809,89.05272807,12.69536709,-34.80857587,39.09303133,47.64433167,1.099582866,91.44119459
KA01AB1234,11,14.21874235,20.91970516,2855.74169,-121.4579018,12.75803028,21.27998121,38.31385282,10.31981137,5.452272889,14.69584628,66.48040704,20.50615838,109.8554189,2361.376807,884.8361937,3808.736773,50.14226895,-152.0155307,175.035868,52.19957674,8.692028809,89.05272807,12.69536709,-34.80857587,39.09303133,47.64433167,1.099582866,91.44119459
KA01AB1234,12,5.884925021,30.14715429,884.8361937,147.9337864,28.37759058,39.09303133,51.89177053,10.31981137,5.452272889,14.69584628,66.48040704,20.50615838,109.8554189,2361.376807,884.8361937,3808.736773,50.14226895,-152.0155307,175.035868,52.19957674,8.692028809,89.05272807,12.69536709,-34.80857587,39.09303133,47.64433167,1.099582866,91.44119459
KA01AB1234,13,6.959828624,86.35017691,2674.48186,116.1134075,36.30822964,38.30116616,4.696596678,10.31981137,5.452272889,14.69584628,66.48040704,20.50615838,109.8554189,2361.376807,884.8361937,3808.736773,50.14226895,-152.0155307,175.035868,52.19957674,8.692028809,89.05272807,12.69536709,-34.80857587,39.09303133,47.64433167,1.099582866,91.44119459
KA01AB1234,14,5.452272889,20.50615838,3808.736773,161.9279688,64.59172413,-4.424456574,16.62833688,10.31981137,5.452272889,14.69584628,66.48040704,20.50615838,109.8554189,2361.376807,884.8361937,3808.736773,50.14226895,-152.0155307,175.035868,52.19957674,8.692028809,89.05272807,12.69536709,-34.80857587,39.09303133,47.64433167,1.099582866,91.44119459
KA01AB1234,15,8.253303308,36.08080514,2641.517369,81.25902302,57.07783047,-34.80857587,73.80336164,10.31981137,5.452272889,14.69584628,66.48040704,20.50615838,109.8554189,2361.376807,884.8361937,3808.736773,50.14226895,-152.0155307,175.035868,52.19957674,8.692028809,89.05272807,12.69536709,-34.80857587,39.09303133,47.64433167,1.099582866,91.44119459
MH02CD5678,1,8.886772897,74.87337894,2042.143764,40.82947054,35.60967259,43.63570791,8.279866793,9.781671918,5.055221171,14.86886937,70.59699808,29.36747678,104.922341,2178.608453,858.3098421,3875.809804,32.45110957,-170.5078892,175.4194066,36.02558316,8.023374566,98.65152488,1.28858537,-44.58311793,43.63570791,44.01854089,3.118313506,93.68297393
MH02CD5678,2,7.713490318,89.18951977,2858.522299,-29.43250694,98.65152488,30.50082778,60.31521095,9.781671918,5.055221171,14.86886937,70.59699808,29.36747678,104.922341,2178.608453,858.3098421,3875.809804,32.45110957,-170.5078892,175.4194066,36.02558316,8.023374566,98.65152488,1.28858537,-44.58311793,43.63570791,44.01854089,3.118313506,93.68297393
MH02CD5678,3,13.28737509,85.19612595,2266.40925,155.782254,60.57748194,-33.78035869,24.53491097,9.781671918,5.055221171,14.86886937,70.59699808,29.36747678,104.922341,2178.608453,858.3098421,3875.809804,32.45110957,-170.5078892,175.4194066,36.02558316,8.023374566,98.65152488,1.28858537,-44.58311793,43.63570791,44.01854089,3.118313506,93.68297393
MH02CD5678,4,8.567533267,42.42693095,2545.973726,131.7830002,23.72267917,37.87576944,38.9295614,9.781671918,5.055221171,14.86886937,70.59699808,29.36747678,104.922341,2178.608453,858.3098421,3875.809804,32.45110957,-170.5078892,175.4194066,36.02558316,8.023374566,98.65152488,1.28858537,-44.58311793,43.63570791,44.01854089,3.118313506,93.68297393
MH02CD5678,5,7.809345097,91.21792213,3812.687388,-163.7212788,10.17824726,33.29067259,28.86937368,9.781671918,5.055221171,14.86886937,70.59699808,29.36747678,104.922341,2178.608453,858.3098421,3875.809804,32.45110957,-170.5078892,175.4194066,36.02558316,8.023374566,98.65152488,1.28858537,-44.58311793,43.63570791,44.01854089,3.118313506,93.68297393
MH02CD5678,6,10.42696083,43.72490875,2035.528441,-170.5078892,15.28591392,1.695425141,35.56727165,9.781671918,5.055221171,14.86886937,70.59699808,29.36747678,104.922341,2178.608453,858.3098421,3875.809804,32.45110957,-170.5078892,175.4194066,36.02558316,8.023374566,98.65152488,1.28858537,-44.58311793,43.63570791,44.01854089,3.118313506,93.68297393
MH02CD5678,7,6.40924225,52.53996982,3875.809804,-44.47318792,24.59577284,8.214789217,71.90459052,9.781671918,5.055221171,14.86886937,70.59699808,29.36747678,104.922341,2178.608453,858.3098421,3875.809804,32.45110957,-170.5078892,175.4194066,36.02558316,8.023374566,98.65152488,1.28858537,-44.58311793,43.63570791,44.01854089,3.118313506,93.68297393
MH02CD5678,8,13.02196981,94.64914051,3697.122054,111.7991991,16.06813733,-9.089756652,29.71217156,9.781671918,5.055221171,14.86886937,70.59699808,29.36747678,104.922341,2178.608453,858.3098421,3875.809804,32.45110957,-170.5078892,175.4194066,36.02558316,8.023374566,98.65152488,1.28858537,-44.58311793,43.63570791,44.01854089,3.118313506,93.68297393
MH02CD5678,9,5.745506437,84.9632899,1426.531631,175.4194066,18.65670241,-40.07145251,56.64046403,9.781671918,5.055221171,14.86886937,70.59699808,29.36747678,104.922341,2178.608453,858.3098421,3875.809804,32.45110957,-170.5078892,175.4194066,36.02558316,8.023374566,98.65152488,1.28858537,-44.58311793,43.63570791,44.01854089,3.118313506,93.68297393
MH02CD5678,10,14.86886937,104.922341,1021.956163,-125.8499192,28.50951687,-14.83224825,47.60504022,9.781671918,5.055221171,14.86886937,70.59699808,29.36747678,104.922341,2178.608453,858.3098421,3875.809804,32.45110957,-170.5078892,175.4194066,36.02558316,8.023374566,98.65152488,1.28858537,-44.58311793,43.63570791,44.01854089,3.118313506,93.68297393
MH02CD5678,11,12.72244769,85.76128923,1122.489604,33.88705753,17.33735953,27.25681037,66.36711654,9.781671918,5.055221171,14.86886937,70.59699808,29.36747678,104.922341,2178.608453,858.3098421,3875.809804,32.45110957,-170.5078892,175.4194066,36.02558316,8.023374566,98.65152488,1.28858537,-44.58311793,43.63570791,44.01854089,3.118313506,93.68297393
MH02CD5678,12,6.987156815,76.83086033,858.3098421,-42.87929161,89.67654246,-44.58311793,93.68297393,9.781671918,5.055221171,14.86886937,70.59699808,29.36747678,104.922341,2178.608453,858.3098421,3875.809804,32.45110957,-170.5078892,175.4194066,36.02558316,8.023374566,98.65152488,1.28858537,-44.58311793,43.63570791,44.01854089,3.118313506,93.68297393
MH02CD5678,13,5.055221171,29.36747678,1102.217474,169.1691832,8.023374566,-14.98507455,73.25720972,9.781671918,5.055221171,14.86886937,70.59699808,29.36747678,104.922341,2178.608453,858.3098421,3875.809804,32.45110957,-170.5078892,175.4194066,36.02558316,8.023374566,98.65152488,1.28858537,-44.58311793,43.63570791,44.01854089,3.118313506,93.68297393
MH02CD5678,14,13.15461428,56.77158031,2985.621675,123.1628123,52.45113896,-9.164817577,21.49403786,9.781671918,5.055221171,14.86886937,70.59699808,29.36747678,104.922341,2178.608453,858.3098421,3875.809804,32.45110957,-170.5078892,175.4194066,36.02558316,8.023374566,98.65152488,1.28858537,-44.58311793,43.63570791,44.01854089,3.118313506,93.68297393
MH02CD5678,15,12.06857344,46.52023677,1027.803675,121.7983337,41.0396827,3.365604264,3.118313506,9.781671918,5.055221171,14.86886937,70.59699808,29.36747678,104.922341,2178.608453,858.3098421,3875.809804,32.45110957,-170.5078892,175.4194066,36.02558316,8.023374566,98.65152488,1.28858537,-44.58311793,43.63570791,44.01854089,3.118313506,93.68297393
PB09QR9101,1,12.29007168,44.39896434,1820.722017,-11.27046247,98.23786169,37.78700548,26.22640443,9.861514562,5.635583503,13.87212743,70.30346324,22.43159664,117.3010555,2540.850895,874.4701944,3607.910443,31.99576848,-159.7048212,179.8983624,56.90682486,11.20389022,98.23786169,-1.77271195,-32.32286817,37.78700548,44.67522115,5.142581348,81.91023177
PB09QR9101,2,12.71270347,117.3010555,3503.600995,-30.66497916,11.20389022,-13.82886051,59.50779307,9.861514562,5.635583503,13.87212743,70.30346324,22.43159664,117.3010555,2540.850895,874.4701944,3607.910443,31.99576848,-159.7048212,179.8983624,56.90682486,11.20389022,98.23786169,-1.77271195,-32.32286817,37.78700548,44.67522115,5.142581348,81.91023177
PB09QR9101,3,5.740446517,59.30977247,874.4701944,-81.5734541,39.7855599,-13.77421183,5.142581348,9.861514562,5.635583503,13.87212743,70.30346324,22.43159664,117.3010555,2540.850895,874.4701944,3607.910443,31.99576848,-159.7048212,179.8983624,56.90682486,11.20389022,98.23786169,-1.77271195,-32.32286817,37.78700548,44.67522115,5.142581348,81.91023177
PB09QR9101,4,8.584657285,109.2046555,3406.299144,-159.7048212,96.94704333,21.37511233,49.63662472,9.861514562,5.635583503,13.87212743,70.30346324,22.43159664,117.3010555,2540.850895,874.4701944,3607.910443,31.99576848,-159.7048212,179.8983624,56.90682486,11.20389022,98.23786169,-1.77271195,-32.32286817,37.78700548,44.67522115,5.142581348,81.91023177
PB09QR9101,5,6.158690595,83.1138626,1701.935279,131.3000555,86.55071259,-4.30038532,59.68428489,9.861514562,5.635583503,13.87212743,70.30346324,22.43159664,117.3010555,2540.850895,874.4701944,3607.910443,31.99576848,-159.7048212,179.8983624,56.90682486,11.20389022,98.23786169,-1.77271195,-32.32286817,37.78700548,44.67522115,5.142581348,81.91023177
PB09QR9101,6,13.63103426,99.48113035,1178.127448,112.6443633,81.70720709,-24.78556594,33.42438908,9.861514562,5.635583503,13.87212743,70.30346324,22.43159664,117.3010555,2540.850895,874.4701944,3607.910443,31.99576848,-159.7048212,179.8983624,56.90682486,11.20389022,98.23786169,-1.77271195,-32.32286817,37.78700548,44.67522115,5.142581348,81.91023177
PB09QR9101,7,11.23298127,70.26370931,3029.558929,179.8983624,25.7902827,-4.280443548,77.09122037,9.861514562,5.635583503,13.87212743,70.30346324,22.43159664,117.3010555,2540.850895,874.4701944,3607.910443,31.99576848,-159.7048212,179.8983624,56.90682486,11.20389022,98.23786169,-1.77271195,-32.32286817,37.78700548,44.67522115,5.142581348,81.91023177
PB09QR9101,8,8.308980249,77.69038846,2812.61711,178.7892613,17.08875874,-32.32286817,10.65982531,9.861514562,5.635583503,13.87212743,70.30346324,22.43159664,117.3010555,2540.850895,874.4701944,3607.910443,31.99576848,-159.7048212,179.8983624,56.90682486,11.20389022,98.23786169,-1.77271195,-32.32286817,37.78700548,44.67522115,5.142581348,81.91023177
PB09QR9101,9,5.635583503,69.25176938,3607.910443,19.95541402,66.86432199,-29.12517121,7.513778174,9.861514562,5.635583503,13.87212743,70.30346324,22.43159664,117.3010555,2540.850895,874.4701944,3607.910443,31.99576848,-159.7048212,179.8983624,56.90682486,11.20389022,98.23786169,-1.77271195,-32.32286817,37.78700548,44.67522115,5.142581348,81.91023177
PB09QR9101,10,8.109823217,39.52429878,3152.22734,96.83546946,92.93759891,-0.146900453,72.81887562,9.861514562,5.635583503,13.87212743,70.30346324,22.43159664,117.3010555,2540.850895,874.4701944,3607.910443,31.99576848,-159.7048212,179.8983624,56.90682486,11.20389022,98.23786169,-1.77271195,-32.32286817,37.78700548,44.67522115,5.142581348,81.91023177
PB09QR9101,11,8.25183322,92.24521153,3371.138977,160.1156628,55.6762893,-7.296709545,49.54913162,9.861514562,5.635583503,13.87212743,70.30346324,22.43159664,117.3010555,2540.850895,874.4701944,3607.910443,31.99576848,-159.7048212,179.8983624,56.90682486,11.20389022,98.23786169,-1.77271195,-32.32286817,37.78700548,44.67522115,5.142581348,81.91023177
PB09QR9101,12,12.29606178,48.07723624,1702.510632,125.8730606,57.16126895,37.3361311,68.84023964,9.861514562,5.635583503,13.87212743,70.30346324,22.43159664,117.3010555,2540.850895,874.4701944,3607.910443,31.99576848,-159.7048212,179.8983624,56.90682486,11.20389022,98.23786169,-1.77271195,-32.32286817,37.78700548,44.67522115,5.142581348,81.91023177
PB09QR9101,13,11.37557471,22.43159664,1367.80654,-90.95468337,27.99790937,-12.38454908,43.48273386,9.861514562,5.635583503,13.87212743,70.30346324,22.43159664,117.3010555,2540.850895,874.4701944,3607.910443,31.99576848,-159.7048212,179.8983624,56.90682486,11.20389022,98.23786169,-1.77271195,-32.32286817,37.78700548,44.67522115,5.142581348,81.91023177
PB09QR9101,14,13.87212743,84.54722959,3201.967205,-17.80411129,76.94929332,7.252951525,24.64020332,9.861514562,5.635583503,13.87212743,70.30346324,22.43159664,117.3010555,2540.850895,874.4701944,3607.910443,31.99576848,-159.7048212,179.8983624,56.90682486,11.20389022,98.23786169,-1.77271195,-32.32286817,37.78700548,44.67522115,5.142581348,81.91023177
PB09QR9101,15,9.722149252,37.71106794,3381.871166,-133.5026105,18.70437486,11.90378591,81.91023177,9.861514562,5.635583503,13.87212743,70.30346324,22.43159664,117.3010555,2540.850895,874.4701944,3607.910443,31.99576848,-159.7048212,179.8983624,56.90682486,11.20389022,98.23786169,-1.77271195,-32.32286817,37.78700548,44.67522115,5.142581348,81.91023177
RJ08OP6789,1,6.195942459,114.0458584,3969.616454,163.4583698,32.36792364,-43.82149891,79.9415879,9.601054134,5.254191267,14.07566474,82.3450125,21.54566165,116.6654819,2778.319289,1129.99638,3969.616454,33.03504972,-139.1192668,163.4583698,32.32514093,5.182353682,61.06200424,-4.866207703,-43.82149891,44.71868267,55.98790136,9.158207333,95.02373538
RJ08OP6789,2,12.13244787,115.3928577,2120.376566,38.2228684,42.54364386,14.71836348,69.46964709,9.601054134,5.254191267,14.07566474,82.3450125,21.54566165,116.6654819,2778.319289,1129.99638,3969.616454,33.03504972,-139.1192668,163.4583698,32.32514093,5.182353682,61.06200424,-4.866207703,-43.82149891,44.71868267,55.98790136,9.158207333,95.02373538
RJ08OP6789,3,12.60785049,111.486439,1990.457875,-97.68859002,50.76103787,-28.97676298,27.21451372,9.601054134,5.254191267,14.07566474,82.3450125,21.54566165,116.6654819,2778.319289,1129.99638,3969.616454,33.03504972,-139.1192668,163.4583698,32.32514093,5.182353682,61.06200424,-4.866207703,-43.82149891,44.71868267,55.98790136,9.158207333,95.02373538
RJ08OP6789,4,10.61277198,57.01587003,3284.521474,61.81224639,24.24097324,41.49632857,59.02306669,9.601054134,5.254191267,14.07566474,82.3450125,21.54566165,116.6654819,2778.319289,1129.99638,3969.616454,33.03504972,-139.1192668,163.4583698,32.32514093,5.182353682,61.06200424,-4.866207703,-43.82149891,44.71868267,55.98790136,9.158207333,95.02373538
RJ08OP6789,5,12.7096718,21.54566165,1890.571329,42.52616656,11.48368247,-31.6203545,36.09738969,9.601054134,5.254191267,14.07566474,82.3450125,21.54566165,116.6654819,2778.319289,1129.99638,3969.616454,33.03504972,-139.1192668,163.4583698,32.32514093,5.182353682,61.06200424,-4.866207703,-43.82149891,44.71868267,55.98790136,9.158207333,95.02373538
RJ08OP6789,6,9.937955964,112.8318563,3778.423442,-51.06142151,61.06200424,-7.683828865,9.158207333,9.601054134,5.254191267,14.07566474,82.3450125,21.54566165,116.6654819,2778.319289,1129.99638,3969.616454,33.03504972,-139.1192668,163.4583698,32.32514093,5.182353682,61.06200424,-4.866207703,-43.82149891,44.71868267,55.98790136,9.158207333,95.02373538
RJ08OP6789,7,10.22732829,62.81841483,3546.920806,-139.1192668,28.86305532,-37.31852987,91.73135755,9.601054134,5.254191267,14.07566474,82.3450125,21.54566165,116.6654819,2778.319289,1129.99638,3969.616454,33.03504972,-139.1192668,163.4583698,32.32514093,5.182353682,61.06200424,-4.866207703,-43.82149891,44.71868267,55.98790136,9.158207333,95.02373538
RJ08OP6789,8,9.275410184,116.6654819,2172.780888,61.76635041,58.12382214,44.71868267,13.68186309,9.601054134,5.254191267,14.07566474,82.3450125,21.54566165,116.6654819,2778.319289,1129.99638,3969.616454,33.03504972,-139.1192668,163.4583698,32.32514093,5.182353682,61.06200424,-4.866207703,-43.82149891,44.71868267,55.98790136,9.158207333,95.02373538
RJ08OP6789,9,5.254191267,116.3619977,3202.787417,7.310772325,15.43627153,0.19755093,95.02373538,9.601054134,5.254191267,14.07566474,82.3450125,21.54566165,116.6654819,2778.319289,1129.99638,3969.616454,33.03504972,-139.1192668,163.4583698,32.32514093,5.182353682,61.06200424,-4.866207703,-43.82149891,44.71868267,55.98790136,9.158207333,95.02373538
RJ08OP6789,10,6.07891427,105.3009455,3214.537197,98.03462102,48.11401019,8.584651559,44.6005773,9.601054134,5.254191267,14.07566474,82.3450125,21.54566165,116.6654819,2778.319289,1129.99638,3969.616454,33.03504972,-139.1192668,163.4583698,32.32514093,5.182353682,61.06200424,-4.866207703,-43.82149891,44.71868267,55.98790136,9.158207333,95.02373538
RJ08OP6789,11,5.314291857,49.44488921,1129.99638,7.2588604,53.25894326,-38.96311704,18.51329288,9.601054134,5.254191267,14.07566474,82.3450125,21.54566165,116.6654819,2778.319289,1129.99638,3969.616454,33.03504972,-139.1192668,163.4583698,32.32514093,5.182353682,61.06200424,-4.866207703,-43.82149891,44.71868267,55.98790136,9.158207333,95.02373538
RJ08OP6789,12,11.36410411,58.50977286,3688.169301,126.7853401,5.182353682,22.49644234,54.19009474,9.601054134,5.254191267,14.07566474,82.3450125,21.54566165,116.6654819,2778.319289,1129.99638,3969.616454,33.03504972,-139.1192668,163.4583698,32.32514093,5.182353682,61.06200424,-4.866207703,-43.82149891,44.71868267,55.98790136,9.158207333,95.02373538
RJ08OP6789,13,8.143559811,105.1136672,2416.807592,18.68646196,33.66042782,-26.10849662,87.29458359,9.601054134,5.254191267,14.07566474,82.3450125,21.54566165,116.6654819,2778.319289,1129.99638,3969.616454,33.03504972,-139.1192668,163.4583698,32.32514093,5.182353682,61.06200424,-4.866207703,-43.82149891,44.71868267,55.98790136,9.158207333,95.02373538
RJ08OP6789,14,10.08570691,51.69220052,3444.663892,21.93766975,13.44146769,35.82488605,73.22248864,9.601054134,5.254191267,14.07566474,82.3450125,21.54566165,116.6654819,2778.319289,1129.99638,3969.616454,33.03504972,-139.1192668,163.4583698,32.32514093,5.182353682,61.06200424,-4.866207703,-43.82149891,44.71868267,55.98790136,9.158207333,95.02373538
RJ08OP6789,15,14.07566474,36.94927467,1824.158723,135.595297,6.337497047,-26.53743236,80.65611479,9.601054134,5.254191267,14.07566474,82.3450125,21.54566165,116.6654819,2778.319289,1129.99638,3969.616454,33.03504972,-139.1192668,163.4583698,32.32514093,5.182353682,61.06200424,-4.866207703,-43.82149891,44.71868267,55.98790136,9.158207333,95.02373538
TN04GH2345,1,7.492922291,75.68012625,3665.674331,-34.74616816,98.99602324,-27.83810514,65.87833667,10.22453524,5.769799098,14.29697652,78.60281834,29.71764938,119.005385,2552.043283,834.6804847,3841.94287,-35.22417544,-174.7639204,145.49713,61.51216021,12.42972235,98.99602324,-5.224221445,-41.71052989,40.15039159,56.40326999,3.394597859,98.7668008
TN04GH2345,2,9.10382923,113.6154774,2045.445372,-131.7545178,32.2353845,-41.71052989,69.22765645,10.22453524,5.769799098,14.29697652,78.60281834,29.71764938,119.005385,2552.043283,834.6804847,3841.94287,-35.22417544,-174.7639204,145.49713,61.51216021,12.42972235,98.99602324,-5.224221445,-41.71052989,40.15039159,56.40326999,3.394597859,98.7668008
TN04GH2345,3,12.55551139,89.60297967,834.6804847,-169.6382365,80.98744459,-2.51397494,84.91956516,10.22453524,5.769799098,14.29697652,78.60281834,29.71764938,119.005385,2552.043283,834.6804847,3841.94287,-35.22417544,-174.7639204,145.49713,61.51216021,12.42972235,98.99602324,-5.224221445,-41.71052989,40.15039159,56.40326999,3.394597859,98.7668008
TN04GH2345,4,7.287981655,77.00611701,3697.222325,91.84941204,25.46406548,5.835701994,24.96680089,10.22453524,5.769799098,14.29697652,78.60281834,29.71764938,119.005385,2552.043283,834.6804847,3841.94287,-35.22417544,-174.7639204,145.49713,61.51216021,12.42972235,98.99602324,-5.224221445,-41.71052989,40.15039159,56.40326999,3.394597859,98.7668008
TN04GH2345,5,5.769799098,29.71764938,1092.117366,43.31143849,68.15027222,-39.08622245,48.94249636,10.22453524,5.769799098,14.29697652,78.60281834,29.71764938,119.005385,2552.043283,834.6804847,3841.94287,-35.22417544,-174.7639204,145.49713,61.51216021,12.42972235,98.99602324,-5.224221445,-41.71052989,40.15039159,56.40326999,3.394597859,98.7668008
TN04GH2345,6,7.897514529,81.50072267,1821.80364,73.46871652,76.02278599,24.7974855,22.12094418,10.22453524,5.769799098,14.29697652,78.60281834,29.71764938,119.005385,2552.043283,834.6804847,3841.94287,-35.22417544,-174.7639204,145.49713,61.51216021,12.42972235,98.99602324,-5.224221445,-41.71052989,40.15039159,56.40326999,3.394597859,98.7668008
TN04GH2345,7,6.612212873,119.005385,3840.198295,-103.3329019,59.56387406,-4.204004873,98.7668008,10.22453524,5.769799098,14.29697652,78.60281834,29.71764938,119.005385,2552.043283,834.6804847,3841.94287,-35.22417544,-174.7639204,145.49713,61.51216021,12.42972235,98.99602324,-5.224221445,-41.71052989,40.15039159,56.40326999,3.394597859,98.7668008
TN04GH2345,8,14.29697652,34.00840152,3841.94287,-130.9062688,47.15761886,2.195124239,94.40593397,10.22453524,5.769799098,14.29697652,78.60281834,29.71764938,119.005385,2552.043283,834.6804847,3841.94287,-35.22417544,-174.7639204,145.49713,61.51216021,12.42972235,98.99602324,-5.224221445,-41.71052989,40.15039159,56.40326999,3.394597859,98.7668008
TN04GH2345,9,13.0812038,71.83296524,2635.001242,-174.7639204,41.18409141,-5.331352776,3.942681137,10.22453524,5.769799098,14.29697652,78.60281834,29.71764938,119.005385,2552.043283,834.6804847,3841.94287,-35.22417544,-174.7639204,145.49713,61.51216021,12.42972235,98.99602324,-5.224221445,-41.71052989,40.15039159,56.40326999,3.394597859,98.7668008
TN04GH2345,10,11.33403757,107.7373072,2821.879079,-53.78847883,34.88682665,-8.931324521,70.55751725,10.22453524,5.769799098,14.29697652,78.60281834,29.71764938,119.005385,2552.043283,834.6804847,3841.94287,-35.22417544,-174.7639204,145.49713,61.51216021,12.42972235,98.99602324,-5.224221445,-41.71052989,40.15039159,56.40326999,3.394597859,98.7668008
TN04GH2345,11,13.7146059,94.07686178,2235.02567,32.37036727,92.95291442,5.367629818,92.52483174,10.22453524,5.769799098,14.29697652,78.60281834,29.71764938,119.005385,2552.043283,834.6804847,3841.94287,-35.22417544,-174.7639204,145.49713,61.51216021,12.42972235,98.99602324,-5.224221445,-41.71052989,40.15039159,56.40326999,3.394597859,98.7668008
TN04GH2345,12,13.03672077,89.7015741,1738.274469,-38.79214376,83.06194078,-31.02837787,18.05753451,10.22453524,5.769799098,14.29697652,78.60281834,29.71764938,119.005385,2552.043283,834.6804847,3841.94287,-35.22417544,-174.7639204,145.49713,61.51216021,12.42972235,98.99602324,-5.224221445,-41.71052989,40.15039159,56.40326999,3.394597859,98.7668008
TN04GH2345,13,6.865700589,90.2484084,1851.726545,-22.50902807,96.50269107,-28.62646826,56.79452306,10.22453524,5.769799098,14.29697652,78.60281834,29.71764938,119.005385,2552.043283,834.6804847,3841.94287,-35.22417544,-174.7639204,145.49713,61.51216021,12.42972235,98.99602324,-5.224221445,-41.71052989,40.15039159,56.40326999,3.394597859,98.7668008
TN04GH2345,14,13.92558998,55.94911512,2952.059059,145.49713,12.42972235,32.56070589,91.54882976,10.22453524,5.769799098,14.29697652,78.60281834,29.71764938,119.005385,2552.043283,834.6804847,3841.94287,-35.22417544,-174.7639204,145.49713,61.51216021,12.42972235,98.99602324,-5.224221445,-41.71052989,40.15039159,56.40326999,3.394597859,98.7668008
TN04GH2345,15,10.39342242,49.35918443,3207.598494,-54.62803187,73.08674752,40.15039159,3.394597859,10.22453524,5.769799098,14.29697652,78.60281834,29.71764938,119.005385,2552.043283,834.6804847,3841.94287,-35.22417544,-174.7639204,145.49713,61.51216021,12.42972235,98.99602324,-5.224221445,-41.71052989,40.15039159,56.40326999,3.394597859,98.7668008
UP05IJ6789,1,13.07440155,100.9361155,3333.05294,5.036216098,93.83404568,-11.40216153,69.74202672,9.681989096,5.069521305,14.42909704,84.23006869,29.39819398,111.3240553,2139.536599,984.1880321,3640.653385,32.30680787,-127.0535469,172.8117271,47.79832619,6.649626737,93.83404568,-13.02603764,-43.2260516,26.99244768,54.82745904,3.700763472,97.10582452
UP05IJ6789,2,13.960913,101.0113395,3326.778057,102.1150846,18.12330662,-20.63297942,29.73490074,9.681989096,5.069521305,14.42909704,84.23006869,29.39819398,111.3240553,2139.536599,984.1880321,3640.653385,32.30680787,-127.0535469,172.8117271,47.79832619,6.649626737,93.83404568,-13.02603764,-43.2260516,26.99244768,54.82745904,3.700763472,97.10582452
UP05IJ6789,3,8.18003475,106.7072319,1091.85953,-37.24459836,6.649626737,12.95995889,92.43961954,9.681989096,5.069521305,14.42909704,84.23006869,29.39819398,111.3240553,2139.536599,984.1880321,3640.653385,32.30680787,-127.0535469,172.8117271,47.79832619,6.649626737,93.83404568,-13.02603764,-43.2260516,26.99244768,54.82745904,3.700763472,97.10582452
UP05IJ6789,4,6.100519245,111.3240553,2382.144975,43.95121208,74.11206493,-8.213924601,97.10582452,9.681989096,5.069521305,14.42909704,84.23006869,29.39819398,111.3240553,2139.536599,984.1880321,3640.653385,32.30680787,-127.0535469,172.8117271,47.79832619,6.649626737,93.83404568,-13.02603764,-43.2260516,26.99244768,54.82745904,3.700763472,97.10582452
UP05IJ6789,5,7.279351625,71.13423989,984.1880321,130.4509351,57.44731132,-42.71522799,94.42664891,9.681989096,5.069521305,14.42909704,84.23006869,29.39819398,111.3240553,2139.536599,984.1880321,3640.653385,32.30680787,-127.0535469,172.8117271,47.79832619,6.649626737,93.83404568,-13.02603764,-43.2260516,26.99244768,54.82745904,3.700763472,97.10582452
UP05IJ6789,6,9.271077886,70.15162947,2558.492423,161.8274245,84.18287768,-30.94626624,47.42142167,9.681989096,5.069521305,14.42909704,84.23006869,29.39819398,111.3240553,2139.536599,984.1880321,3640.653385,32.30680787,-127.0535469,172.8117271,47.79832619,6.649626737,93.83404568,-13.02603764,-43.2260516,26.99244768,54.82745904,3.700763472,97.10582452
UP05IJ6789,7,13.18014766,99.8295179,2212.897604,-127.0535469,13.97723766,19.4375006,86.2042651,9.681989096,5.069521305,14.42909704,84.23006869,29.39819398,111.3240553,2139.536599,984.1880321,3640.653385,32.30680787,-127.0535469,172.8117271,47.79832619,6.649626737,93.83404568,-13.02603764,-43.2260516,26.99244768,54.82745904,3.700763472,97.10582452
UP05IJ6789,8,13.60730583,84.99639308,3640.653385,153.5715451,79.52673119,14.30315477,84.45493985,9.681989096,5.069521305,14.42909704,84.23006869,29.39819398,111.3240553,2139.536599,984.1880321,3640.653385,32.30680787,-127.0535469,172.8117271,47.79832619,6.649626737,93.83404568,-13.02603764,-43.2260516,26.99244768,54.82745904,3.700763472,97.10582452
UP05IJ6789,9,5.069521305,90.19668773,1922.92804,-2.838134491,20.162732,-42.56136067,31.91004732,9.681989096,5.069521305,14.42909704,84.23006869,29.39819398,111.3240553,2139.536599,984.1880321,3640.653385,32.30680787,-127.0535469,172.8117271,47.79832619,6.649626737,93.83404568,-13.02603764,-43.2260516,26.99244768,54.82745904,3.700763472,97.10582452
UP05IJ6789,10,10.10747303,99.57926694,1174.614453,-87.03202021,16.36559429,-25.02250543,82.89154742,9.681989096,5.069521305,14.42909704,84.23006869,29.39819398,111.3240553,2139.536599,984.1880321,3640.653385,32.30680787,-127.0535469,172.8117271,47.79832619,6.649626737,93.83404568,-13.02603764,-43.2260516,26.99244768,54.82745904,3.700763472,97.10582452
UP05IJ6789,11,9.174110031,109.0005342,1257.573383,-14.71112775,16.42657979,-24.20326831,3.700763472,9.681989096,5.069521305,14.42909704,84.23006869,29.39819398,111.3240553,2139.536599,984.1880321,3640.653385,32.30680787,-127.0535469,172.8117271,47.79832619,6.649626737,93.83404568,-13.02603764,-43.2260516,26.99244768,54.82745904,3.700763472,97.10582452
UP05IJ6789,12,7.221078105,53.79951569,3236.834021,172.8117271,81.45747202,15.47034692,59.62698785,9.681989096,5.069521305,14.42909704,84.23006869,29.39819398,111.3240553,2139.536599,984.1880321,3640.653385,32.30680787,-127.0535469,172.8117271,47.79832619,6.649626737,93.83404568,-13.02603764,-43.2260516,26.99244768,54.82745904,3.700763472,97.10582452
UP05IJ6789,13,6.198653673,57.55829526,2778.297803,-2.657486163,66.51972207,-43.2260516,23.00088373,9.681989096,5.069521305,14.42909704,84.23006869,29.39819398,111.3240553,2139.536599,984.1880321,3640.653385,32.30680787,-127.0535469,172.8117271,47.79832619,6.649626737,93.83404568,-13.02603764,-43.2260516,26.99244768,54.82745904,3.700763472,97.10582452
UP05IJ6789,14,8.376151714,29.39819398,1123.592564,-61.6494203,52.30654248,-35.63022762,12.05668858,9.681989096,5.069521305,14.42909704,84.23006869,29.39819398,111.3240553,2139.536599,984.1880321,3640.653385,32.30680787,-127.0535469,172.8117271,47.79832619,6.649626737,93.83404568,-13.02603764,-43.2260516,26.99244768,54.82745904,3.700763472,97.10582452
UP05IJ6789,15,14.42909704,77.8280141,1069.14178,48.02430755,35.88304841,26.99244768,7.695320163,9.681989096,5.069521305,14.42909704,84.23006869,29.39819398,111.3240553,2139.536599,984.1880321,3640.653385,32.30680787,-127.0535469,172.8117271,47.79832619,6.649626737,93.83404568,-13.02603764,-43.2260516,26.99244768,54.82745904,3.700763472,97.10582452
WB06KL1011,1,8.23202932,23.59422738,3043.101221,-93.54757724,87.72005408,-28.93098042,69.62887759,9.437917746,5.368869474,14.71782083,56.77036916,23.05002499,102.2600561,2540.535709,1032.84162,3957.246651,-72.57907725,-165.2872981,142.8438276,56.71102209,23.22126951,90.6472111,-6.728895816,-43.82982688,35.67022367,47.11336669,2.126941085,88.59777482
WB06KL1011,2,10.18790622,66.55980181,1032.84162,-152.6892019,39.24451074,13.74714971,33.98749638,9.437917746,5.368869474,14.71782083,56.77036916,23.05002499,102.2600561,2540.535709,1032.84162,3957.246651,-72.57907725,-165.2872981,142.8438276,56.71102209,23.22126951,90.6472111,-6.728895816,-43.82982688,35.67022367,47.11336669,2.126941085,88.59777482
WB06KL1011,3,12.03018959,74.26446347,3429.95219,-133.6033001,81.65994395,-23.56354971,72.47667715,9.437917746,5.368869474,14.71782083,56.77036916,23.05002499,102.2600561,2540.535709,1032.84162,3957.246651,-72.57907725,-165.2872981,142.8438276,56.71102209,23.22126951,90.6472111,-6.728895816,-43.82982688,35.67022367,47.11336669,2.126941085,88.59777482
WB06KL1011,4,8.636296024,48.65412521,3059.975127,-133.903498,43.91349086,-36.05027465,6.53563408,9.437917746,5.368869474,14.71782083,56.77036916,23.05002499,102.2600561,2540.535709,1032.84162,3957.246651,-72.57907725,-165.2872981,142.8438276,56.71102209,23.22126951,90.6472111,-6.728895816,-43.82982688,35.67022367,47.11336669,2.126941085,88.59777482
WB06KL1011,5,14.71782083,79.08332606,1060.316098,-125.3150303,37.69444294,-23.11450281,31.52903378,9.437917746,5.368869474,14.71782083,56.77036916,23.05002499,102.2600561,2540.535709,1032.84162,3957.246651,-72.57907725,-165.2872981,142.8438276,56.71102209,23.22126951,90.6472111,-6.728895816,-43.82982688,35.67022367,47.11336669,2.126941085,88.59777482
WB06KL1011,6,14.62447295,23.05002499,1071.480685,-130.0222178,46.26797857,20.00402387,53.94912924,9.437917746,5.368869474,14.71782083,56.77036916,23.05002499,102.2600561,2540.535709,1032.84162,3957.246651,-72.57907725,-165.2872981,142.8438276,56.71102209,23.22126951,90.6472111,-6.728895816,-43.82982688,35.67022367,47.11336669,2.126941085,88.59777482
WB06KL1011,7,7.517822958,23.73481887,3957.246651,50.71490813,30.13778742,32.01268213,79.07231648,9.437917746,5.368869474,14.71782083,56.77036916,23.05002499,102.2600561,2540.535709,1032.84162,3957.246651,-72.57907725,-165.2872981,142.8438276,56.71102209,23.22126951,90.6472111,-6.728895816,-43.82982688,35.67022367,47.11336669,2.126941085,88.59777482
WB06KL1011,8,9.972485059,102.2600561,1997.666546,-114.5231696,74.76093802,29.71978781,31.87525029,9.437917746,5.368869474,14.71782083,56.77036916,23.05002499,102.2600561,2540.535709,1032.84162,3957.246651,-72.57907725,-165.2872981,142.8438276,56.71102209,23.22126951,90.6472111,-6.728895816,-43.82982688,35.67022367,47.11336669,2.126941085,88.59777482
WB06KL1011,9,8.008783098,56.01906414,1986.054871,-55.559778,50.27203901,-9.253482334,62.58913764,9.437917746,5.368869474,14.71782083,56.77036916,23.05002499,102.2600561,2540.535709,1032.84162,3957.246651,-72.57907725,-165.2872981,142.8438276,56.71102209,23.22126951,90.6472111,-6.728895816,-43.82982688,35.67022367,47.11336669,2.126941085,88.59777482
WB06KL1011,10,7.848404944,32.70605127,3400.958615,142.8438276,23.22126951,15.12766229,88.59777482,9.437917746,5.368869474,14.71782083,56.77036916,23.05002499,102.2600561,2540.535709,1032.84162,3957.246651,-72.57907725,-165.2872981,142.8438276,56.71102209,23.22126951,90.6472111,-6.728895816,-43.82982688,35.67022367,47.11336669,2.126941085,88.59777482
WB06KL1011,11,5.368869474,72.22432601,3831.195448,-9.373809505,89.95745733,-26.55141341,61.58631882,9.437917746,5.368869474,14.71782083,56.77036916,23.05002499,102.2600561,2540.535709,1032.84162,3957.246651,-72.57907725,-165.2872981,142.8438276,56.71102209,23.22126951,90.6472111,-6.728895816,-43.82982688,35.67022367,47.11336669,2.126941085,88.59777482
WB06KL1011,12,11.09564334,96.99935531,3955.203404,60.32078587,38.38912214,-18.61670428,23.29594748,9.437917746,5.368869474,14.71782083,56.77036916,23.05002499,102.2600561,2540.535709,1032.84162,3957.246651,-72.57907725,-165.2872981,142.8438276,56.71102209,23.22126951,90.6472111,-6.728895816,-43.82982688,35.67022367,47.11336669,2.126941085,88.59777482
WB06KL1011,13,10.02679023,41.58210275,3210.810193,-117.9648464,54.35528611,35.67022367,2.440078156,9.437917746,5.368869474,14.71782083,56.77036916,23.05002499,102.2600561,2540.535709,1032.84162,3957.246651,-72.57907725,-165.2872981,142.8438276,56.71102209,23.22126951,90.6472111,-6.728895816,-43.82982688,35.67022367,47.11336669,2.126941085,88.59777482
WB06KL1011,14,5.514787512,82.28904758,2004.030674,-110.7759532,90.6472111,-43.82982688,87.00988739,9.437917746,5.368869474,14.71782083,56.77036916,23.05002499,102.2600561,2540.535709,1032.84162,3957.246651,-72.57907725,-165.2872981,142.8438276,56.71102209,23.22126951,90.6472111,-6.728895816,-43.82982688,35.67022367,47.11336669,2.126941085,88.59777482
WB06KL1011,15,7.786464642,28.5347465,1067.202293,-165.2872981,62.42379959,-37.30423222,2.126941085,9.437917746,5.368869474,14.71782083,56.77036916,23.05002499,102.2600561,2540.535709,1032.84162,3957.246651,-72.57907725,-165.2872981,142.8438276,56.71102209,23.22126951,90.6472111,-6.728895816,-43.82982688,35.67022367,47.11336669,2.126941085,88.59777482
